Coin Name,Wallet Address
DeepSeek AI Agent,H9DWB6HtAydAwZUqqSdgP4rPQYwQywEw3tQNtFrVDx6Y
DeepSeek AI Agent,8KKii2e5YMQuDT32uuYzKUDjNaLrWbMjzu72cfcw6fac
DeepSeek AI Agent,rMMnVv1svSSZKxRHZxHgZGHayPn9cbkWjoiWqARcqwx
DeepSeek AI Agent,EUGcXX6rkdSNF63NykemQNuwoZ5Cf4AevujsdgXDs77o
DeepSeek AI Agent,Ahu5BXPeFx2b6Te9ifWx7xz5VKvwZcUQGm3y98N6Hedp
DeepSeek AI Agent,36vAUMUH4PAybVAkNBG8QQEfdkTUdckz2osPd1UAKCPm
DeepSeek AI Agent,j1oAbxxiDUWvoHxEDhWE7THLjEkDQW2cSHYn2vttxTF
DeepSeek AI Agent,4o4oqpQNtfeA2wWcDvK8hJTM8f1pmDeCY7pkATHo5B2M
DeepSeek AI Agent,HB9a6knYN6EvbnCXz6tKcJKgVAJn6yyGfi8fgp4gJznK
DeepSeek AI Agent,6pYydQfet5s2gEVzQoadKxDSkqMBB1g38JxJBvQGCcVC
DeepSeek AI Agent,j1oeQoPeuEDmjvyMwBmCWexzCQup77kbKKxV59CnYbd
DeepSeek AI Agent,CKLMLM7Hu8uWcFio9Xht7yeyeVGHD53U7S3uXetvZHbS
DeepSeek AI Agent,EbdpYY1xq1aJ4k4766bZqjJ86kwoNqFpiL2WExChfAEf
DeepSeek AI Agent,3ixJ1vSMQE6E9qXiWAqP4iV9LcTmQT2DMQ3iZZSUKadB
DeepSeek AI Agent,DcTZsCGHJR2ygdHLCqGtuTkgKFizYpxVprwhtp1qxv17
DeepSeek AI Agent,FLdC7CacUoFS7R2tShNeiAEVnegjQXPzNwNUuU4pht3e
DeepSeek AI Agent,66Uszkr1mEyt1cQLwGkvi4PQHJxX1hxLRs7fwZbM2GZn
DeepSeek AI Agent,CS5mSaDtLqa6Lq5gRxn9yP9B37Ru58VPTmYa7RNYvqRm
DeepSeek AI Agent,4BfLE9z4SrcdSW941BrrTG7TU3V6uVr2oKKRn8XoJBFF
DeepSeek AI Agent,F1qyXdwCUxCXq9K768dprzErsY3qxkjiRcdcdgwhdkFd
DeepSeek AI Agent,3RTfx1qdRATfodsGjCBYwJJnaZuMeZLku8aFp5WRtSop
DeepSeek AI Agent,5T9j3cpbhj7mbQeDS7WUbfftkq6aQM3ZwHXDc6Gt1Mna
DeepSeek AI Agent,ApHrk3sCyoNShcrnJyfw4DWn3r2N8wfu6Gq9TANAsq6E
DeepSeek AI Agent,8nL5Xkb6rt5FSj6mcEQhGv1NzAnRD8oK5xU8Puf3UnK8
DeepSeek AI Agent,FfTQ7LJM5SUpmsV4jstYi1beoZdu5e8och7kf5byu793
DeepSeek AI Agent,4LvHfGNEEuuG38FHCsZXCrfNkGohNCxSSMV8nnbq1wwA
DeepSeek AI Agent,GRCnrdj2cgK3V7azg1ybrzFKgjfWB5z4jF48iwDdR1zo
DeepSeek AI Agent,F4mPW1Go7NFeLNQG4hANp5E9c3hTsZHCiAuYNAxzLPnQ
DeepSeek AI Agent,65C6xanSVaaWcJHyq5r1cawfmCjEpfWWKMpLwQX2q8tm
DeepSeek AI Agent,CJeKcHxgTzwVonekrp3FjcBRXgX28KVTUm385tTo1518
DeepSeek AI Agent,3MRMgg8JikHqqBdEVPxCfz97JkDocXAbnakLssC67Ec6
DeepSeek AI Agent,HLuhctKMeZv38SSTbFX6A4ZQeh3dC3FdHnrwap6QM6Wr
DeepSeek AI Agent,3NgFNFJBp7GAZDgm9vinbowrEvj7f4wepKVzKeqhcDFN
DeepSeek AI Agent,HtFxCZvkN7uFU4SW9kA9Es26EbvAmQJDEFHLKpQbfVWU
DeepSeek AI Agent,Fbu4kfhxJ9TN5p5hBdr6SXyygC6M1Uq4h8XGJ5nKoVqy
DeepSeek AI Agent,BKKJtyzpE5He7uDtqcFgaXh5UZ6tZ14ZjRVaaJQrs7ho
DeepSeek AI Agent,AFJJ38uLtnkWeGPdpEcNwKRKswEUqZwsH7CCFnaYkqwk
DeepSeek AI Agent,ANB5ewHdukoJS9D98dP9VWZkYJncBrWfQhNeXFQx9ajQ
DeepSeek AI Agent,BAaWzLLGsvbobtbP34jyeNeLpxPKXqg1NByHVJgZs4Qk
DeepSeek AI Agent,CbnTcffg8j2wZAkp6xLbULYB5BLLP8FytoFrx3rvcf4W
DeepSeek AI Agent,Gs9G4twPUFffHcskQPQgVKS8DDYQpoFanYB1ATiGy1kf
DeepSeek AI Agent,2wmL4cyYutcf6jzryEPaZwnxgkrwt3jPeucqpQAso468
DeepSeek AI Agent,EUWUdm3UHsh2dScuFx5iuAGguzLoJ3HQ6SLDkiy8JhTh
DeepSeek AI Agent,88cRoGVnr1ADeLUDX2ek96A91AEUSCDaMweKc45MNBKB
DeepSeek AI Agent,37Kbm55FDE6bsDBHK5M6gxrhrinMkdp2LT2pfynfXH9B
DeepSeek AI Agent,AGe1LxRYEvtDqFK6SAm5RQXUhVHS7oXctqvxx5Yhvh66
DeepSeek AI Agent,2sHW1o92gaDE8YHvxzqwj6dRZJNbDeVd463M7RYaoLua
DeepSeek AI Agent,8PN8JnTapGfk5dBNrbj4CnktUSjciewHoS4GFZGtTSTY
DeepSeek AI Agent,2s4sXTKvw9f33sPjaZGU8abSjfMEZtYvVpU7SLUTSxGH
DeepSeek AI Agent,EeZJJdaK47SahU5meLjyvFwAXwB6zHFyHRLNzZUrt8UW
DeepSeek AI Agent,UUAhspPgUdGuXUnokmxERH1VvNGNh1ouN3mfcbfV8yd
DeepSeek AI Agent,6fesfe3PQmuq94BsxzxSPYMAtxTzuDgmW21CnrKXEdpt
DeepSeek AI Agent,51Fnm8RtrvpAmHpGS8mcwUeNDd8NissQshraSESYpRk4
DeepSeek AI Agent,5XbpHLFUcG9iSbCJXRPzRxdGj1YdD4GfpvjUHXUkRNX4
DeepSeek AI Agent,7Hi2e743hCCCZR3WsdRwyyNkCBwg7uywyujHHVnyw2KJ
DeepSeek AI Agent,8cmvwcMPLMDAbPmPUHCtPBggbecXSBVH5e7XhUz1R9f2
DeepSeek AI Agent,5udKLj1vnjc13erpYwZCU9dxMxrJuSUc5uYAw7tHpwpY
DeepSeek AI Agent,AT8gbypqBtxnDFN8SQJSCiJQMQeygvrLCSbFCz7xn8p3
DeepSeek AI Agent,83NpHnqZoUnESbPw1u9sBZdkjzXzJsRFf6GgpE5CQqLm
DeepSeek AI Agent,PNLCQcVCD26aC7ZWgRyr5ptfaR7bBrWdTFgRWwu2tvF
DeepSeek AI Agent,JCtdm8M5J7A3NQJJAyqAsq5NP69BZTQNZNhRpNAG6ZNv
DeepSeek AI Agent,D6T7CfVrqqHKjcrrK9vY2fkgXttsYPHaFxDysiPi3Usc
DeepSeek AI Agent,JBe6733uRE8ZdNFmPrD3Xwr4Kirb3cTTqKMAb1DPAKN2
DeepSeek AI Agent,3JNZuh2Yrit5bYtqin7TXwDAvKBpEsYAWrNfiab8yJeT
DeepSeek AI Agent,AQjF6mhWrpbg9TwdS4n7LYt3yAvkSGswzY542K1VyANU
DeepSeek AI Agent,Eu5DEJLnsf1sL2ifbeZ1CwbX3ewhUjS5YBPjuw3qac1i
DeepSeek AI Agent,AKsokqmrneQ7UM9z3nM9devz28YBt1Sx4BxQJPB5tmPh
DeepSeek AI Agent,B2wrUnG6RguU5zVbLmddH8p9UBkwJ3jaT5wspyic4aHV
DeepSeek AI Agent,4AJASNRHLesfz8gQjNLr3sHX4hE2kUpkr3AyzqaYDv4p
DeepSeek AI Agent,J4bv2aDnRzm16iYpdPERuqWJUy3RhSHRF9RqSK3c71Yg
DeepSeek AI Agent,57rzWhup2N2dhAQiJdVr2tX6vgiHy5QyaFbgWaukxncu
DeepSeek AI Agent,JBPCZsvJr1w6Y1HfaiH8cFbPtLCeTL6ipziLTEcwWhHi
DeepSeek AI Agent,yjZt2p1JhE7Qd3sx4EegiyW6RMpkCx78oj8L5HpbEy8
DeepSeek AI Agent,D5n8h6iMuJH1NhQ8GcewEgNqRLZ2eBzgcC1dWyqxCKXm
DeepSeek AI Agent,EGYw1AFatorG1gzr5uUnCjrRoiDD7SRG6vCGPKYxDDBP
DeepSeek AI Agent,1g5HKwLTY7ZA1LGnCQekXdwfBtEQLQRMxihmrAyd7YZ
DeepSeek AI Agent,3sCczMuwUAE14sa51mU78Q98yM7CUVLjC98NPv5g1ZnM
DeepSeek AI Agent,AXsTeNcc2fxog75dKZRQtL4mPwQg3uKJdkquUAf8Lzid
DeepSeek AI Agent,9vw6dLXSQ2RdggvJqXx39i7ku78eM3JmbibcgM61ATSW
DeepSeek AI Agent,Baiscx3e2PtG95jE2WQdHFCfjfRhWA1vQcyJNmkZ1VMz
DeepSeek AI Agent,7MgRF1uktgPQusBJF5wiQKdSPs5M1hc1aFiD9Nb519RB
DeepSeek AI Agent,CzmXEA9CtZiU93DuZ57QLpoTmQ9djgZeSZEMz72aCL3W
DeepSeek AI Agent,EwN4XwZuE5TajxF71vYkZSuj2zan5D7Bf9YZytTZet4k
DeepSeek AI Agent,FMXFpdi4XSeVsp2R4Q1T3UtctLSceDutmU58kcegPbvP
DeepSeek AI Agent,AwAorTYrqDzKhpeRZx4LdMuRsaHQJu6kcAR7rC47DqsT
DeepSeek AI Agent,JD55dQr6qeJWPsRiHSSHy1K8f33amyHnTtUXQr3eEVJB
DeepSeek AI Agent,DVCvHea1qacBkfUKgWpbJQE6u2KVcHLba95sghVZESNj
DeepSeek AI Agent,DbREbp28zfubqcrLaMRQ2vE2VC3NzTPFpL8nC7XvNKdf
DeepSeek AI Agent,3ay6tYN8f1ZzN2KyMfZ9jGQnN3JaNwFyuzboajB9ZsEm
DeepSeek AI Agent,KxgdrQHQmVimdt8b5X9ExdWemY1hKM3brrLFBx6qBRM
DeepSeek AI Agent,AcStWdK6nGwZHm7r12QPhrn1EkZb4XipSpeAWWVs9ahy
DeepSeek AI Agent,ESEhKmN2uy5BfjeniZ4o391xR5vWh1yDDJatjGSZgzRZ
DeepSeek AI Agent,CZ43KeywTXaNWcma3A6S5bHP7K8zU68WfPhqk9czSgkB
DeepSeek AI Agent,5uURkLke7rmh4cXjfKnFKz1dbPQFQJWoWrmMWmHHUR6E
DeepSeek AI Agent,H8ukQFHwkgBxiDhzskRA5UHdM9So4Hg9hgKftmZxgT9a
DeepSeek AI Agent,2y2Zs7gpHvqjdkkdaDiVzzcty2KcCRud3FPNMySzW56p
DeepSeek AI Agent,7xqS2RNYVeLbzDq8vcajS67QYpzfMT8Bzauhnx3qE6Z4
DeepSeek AI Agent,46HSSB6xND7GqzN9mZtbiEyRmoLMRseZXACd5muAS4wq
DeepSeek AI Agent,3yu41zmM2rEttprY3gT6VGbgfEuyUm1d7oHrfticCeNH
DeepSeek AI Agent,BqjuHRFdehRSgqDYgWEr7qrTvjurPXwYJKpBsHrkpC5U
